<?xml version="1.0" ?>
<LOG_ROOT>
	<PROJECT NAME="VGA">
		<CBX_INST_ENTRY INSTANCE_NAME="|VGA|lpm_divide:Div0" CBX_FILE_NAME="lpm_divide_vim.tdf"/>
		<CBX_INST_ENTRY INSTANCE_NAME="|VGA|lpm_divide:Div8" CBX_FILE_NAME="lpm_divide_tim.tdf"/>
		<CBX_INST_ENTRY INSTANCE_NAME="|VGA|lpm_divide:Div1" CBX_FILE_NAME="lpm_divide_vim.tdf"/>
		<CBX_INST_ENTRY INSTANCE_NAME="|VGA|lpm_divide:Div23" CBX_FILE_NAME="lpm_divide_sim.tdf"/>
		<CBX_INST_ENTRY INSTANCE_NAME="|VGA|lpm_divide:Div5" CBX_FILE_NAME="lpm_divide_sim.tdf"/>
		<CBX_INST_ENTRY INSTANCE_NAME="|VGA|lpm_divide:Div19" CBX_FILE_NAME="lpm_divide_khm.tdf"/>
		<CBX_INST_ENTRY INSTANCE_NAME="|VGA|lpm_divide:Div2" CBX_FILE_NAME="lpm_divide_sim.tdf"/>
		<CBX_INST_ENTRY INSTANCE_NAME="|VGA|lpm_divide:Div20" CBX_FILE_NAME="lpm_divide_sim.tdf"/>
		<CBX_INST_ENTRY INSTANCE_NAME="|VGA|lpm_divide:Div24" CBX_FILE_NAME="lpm_divide_tim.tdf"/>
		<CBX_INST_ENTRY INSTANCE_NAME="|VGA|lpm_divide:Div28" CBX_FILE_NAME="lpm_divide_tim.tdf"/>
		<CBX_INST_ENTRY INSTANCE_NAME="|VGA|lpm_divide:Div12" CBX_FILE_NAME="lpm_divide_tim.tdf"/>
		<CBX_INST_ENTRY INSTANCE_NAME="|VGA|lpm_divide:Div21" CBX_FILE_NAME="lpm_divide_sim.tdf"/>
		<CBX_INST_ENTRY INSTANCE_NAME="|VGA|lpm_divide:Div3" CBX_FILE_NAME="lpm_divide_khm.tdf"/>
		<CBX_INST_ENTRY INSTANCE_NAME="|VGA|lpm_divide:Div7" CBX_FILE_NAME="lpm_divide_sim.tdf"/>
	</PROJECT>
</LOG_ROOT>
